chain,resnum,resname,one_letter,ca_coord,neighbors_within_8A,surface_accessibility,conservation,norm_clustering,norm_access,norm_conservation,risk_score,rank
B,5,TYR,Y,"[3.0950000286102295, -20.163999557495117, -2.4839999675750732]",0,76.55000144869413,2.575254014553415,0.0,99.99999752059112,0.0,29.999999256177336,1
A,5,TYR,Y,"[0.753000020980835, -2.2820000648498535, 10.434000015258789]",0,36.217808319315374,6.268222670380755,0.0,0.0,99.99997292152135,19.99999458430427,2
